Order_ID,Product_Category,Warehouse_Location,Product_Weight_kg,Shipment_Mode,Demand_forecast_units,Shipping_Cost,Delivery_Time_Days
1001,Furniture,Mumbai,6.85,Sea,115,1191.77,9.4
1002,Electronics,Delhi,0.86,Sea,207,364.74,7.97
1003,Furniture,Mumbai,7.62,Sea,436,1061.74,8.74
1004,Furniture,Hyderabad,29.29,Road,427,1013.69,6.67
1005,Electronics,Hyderabad,24.15,Air,198,347.12,3.17
1006,Electronics,Pune,28.81,Sea,389,539.27,10.09
1007,Furniture,Bangalore,14.89,Sea,482,550.64,9.85
1008,Clothing,Mumbai,3.74,Road,165,1176.04,6.62
1009,Furniture,Mumbai,16.66,Sea,263,298.98,9.08
1010,Furniture,Delhi,13.9,Air,495,979.07,5.25
1011,Furniture,Hyderabad,25.41,Road,421,467.61,6.29
1012,Furniture,Mumbai,3.39,Air,343,903.96,3.18
1013,Electronics,Hyderabad,14.9,Air,302,562.01,4.34
1014,Furniture,Mumbai,4.93,Road,192,736.2,5.58
1015,Clothing,Pune,10.08,Sea,299,1015.87,9.17
1016,Electronics,Bangalore,22.25,Air,415,984.58,5.12
1017,Clothing,Mumbai,14.54,Air,485,1053.07,4.91
1018,Clothing,Hyderabad,11.59,Air,351,165.58,4.09
1019,Clothing,Pune,12.14,Air,74,861.26,4.26
1020,Clothing,Mumbai,14.05,Road,326,253.99,5.88
1021,Electronics,Delhi,23.66,Road,426,557.4,7.02
1022,Electronics,Bangalore,26.82,Air,427,703.45,5.16
1023,Clothing,Mumbai,28.68,Sea,438,543.01,9.62
1024,Clothing,Pune,23.71,Air,119,671.57,4.47
1025,Electronics,Delhi,9.8,Sea,162,1196.18,8.31
1026,Electronics,Pune,20.8,Air,412,248.74,4.64
1027,Electronics,Pune,13.41,Sea,161,843.0,8.24
1028,Furniture,Delhi,8.01,Air,413,535.6,3.91
1029,Furniture,Pune,25.31,Sea,352,246.31,8.79
1030,Furniture,Delhi,1.63,Air,140,274.61,2.91
1031,Clothing,Mumbai,27.1,Air,67,1144.2,4.62
1032,Furniture,Delhi,14.11,Sea,198,1067.56,8.37
1033,Clothing,Delhi,19.3,Road,276,1097.75,6.83
1034,Clothing,Bangalore,19.95,Sea,263,1190.69,9.43
1035,Furniture,Delhi,26.91,Road,409,329.15,6.93
1036,Clothing,Delhi,19.28,Air,200,490.98,3.86
1037,Furniture,Mumbai,18.61,Sea,241,836.14,9.45
1038,Furniture,Bangalore,2.47,Sea,89,632.18,7.45
1039,Electronics,Hyderabad,15.79,Sea,291,560.23,8.64
1040,Furniture,Mumbai,4.93,Road,187,493.59,4.88
1041,Electronics,Mumbai,22.25,Road,394,753.16,7.08
1042,Furniture,Hyderabad,15.61,Air,229,733.15,4.81
1043,Furniture,Delhi,20.57,Road,249,277.6,5.4
1044,Electronics,Pune,1.73,Road,252,618.91,5.75
1045,Electronics,Bangalore,3.0,Air,110,708.82,1.99
1046,Furniture,Pune,21.63,Sea,241,727.32,8.69
1047,Clothing,Hyderabad,2.63,Sea,54,331.12,7.09
1048,Electronics,Mumbai,2.6,Air,427,916.5,3.22
1049,Clothing,Mumbai,0.86,Sea,286,127.72,6.95
1050,Clothing,Bangalore,28.72,Road,230,490.32,6.59
1051,Clothing,Mumbai,22.26,Air,360,958.23,4.68
1052,Electronics,Mumbai,10.92,Air,86,720.28,3.63
1053,Clothing,Bangalore,9.25,Air,105,387.28,3.41
1054,Electronics,Bangalore,10.82,Sea,492,864.45,9.52
1055,Clothing,Hyderabad,23.35,Air,286,724.13,4.79
1056,Furniture,Mumbai,20.01,Air,407,975.87,4.76
1057,Furniture,Mumbai,5.96,Air,398,908.53,3.41
1058,Electronics,Hyderabad,5.64,Sea,246,771.12,9.07
1059,Furniture,Delhi,3.4,Road,122,637.0,4.76
1060,Furniture,Delhi,19.98,Air,108,246.5,2.99
1061,Clothing,Delhi,23.05,Road,289,387.47,6.03
1062,Electronics,Hyderabad,8.32,Sea,51,561.01,7.62
1063,Clothing,Mumbai,1.12,Sea,498,759.23,8.6
1064,Clothing,Hyderabad,2.92,Sea,409,665.08,8.8
1065,Clothing,Hyderabad,29.05,Sea,237,417.0,9.52
1066,Clothing,Delhi,9.22,Road,356,107.11,4.83
1067,Clothing,Pune,23.19,Air,79,645.86,3.72
1068,Clothing,Mumbai,18.93,Sea,316,414.19,9.53
1069,Clothing,Delhi,11.77,Sea,157,908.07,9.06
1070,Electronics,Pune,6.57,Road,381,126.34,6.25
1071,Furniture,Pune,4.08,Road,472,743.31,6.48
1072,Clothing,Bangalore,18.64,Sea,139,1135.62,9.92
1073,Clothing,Mumbai,23.35,Air,254,291.85,3.27
1074,Clothing,Pune,19.5,Air,428,618.81,4.83
1075,Clothing,Delhi,16.14,Sea,496,200.56,8.97
1076,Clothing,Bangalore,1.74,Road,497,788.25,5.59
1077,Clothing,Mumbai,29.07,Sea,494,705.58,10.23
1078,Furniture,Hyderabad,24.06,Sea,430,548.1,10.08
1079,Furniture,Delhi,9.14,Road,487,673.51,6.35
1080,Clothing,Pune,29.41,Sea,269,1086.23,9.66
1081,Furniture,Pune,18.26,Sea,427,315.92,9.45
1082,Electronics,Delhi,17.68,Sea,143,124.82,7.98
1083,Clothing,Pune,22.57,Road,152,1047.83,6.59
1084,Electronics,Bangalore,24.45,Air,272,734.83,4.35
1085,Electronics,Mumbai,19.87,Air,235,1079.72,4.43
1086,Clothing,Bangalore,4.28,Road,233,756.64,5.82
1087,Furniture,Pune,10.48,Air,211,991.18,3.42
1088,Electronics,Hyderabad,27.88,Sea,296,572.64,10.53
1089,Clothing,Mumbai,7.13,Air,80,924.85,2.53
1090,Electronics,Mumbai,11.48,Sea,101,1104.35,8.58
1091,Electronics,Delhi,13.25,Air,394,729.34,4.36
1092,Electronics,Delhi,13.46,Road,125,298.86,5.51
1093,Electronics,Hyderabad,18.58,Air,434,395.68,4.14
1094,Furniture,Mumbai,28.32,Air,488,318.51,4.68
1095,Electronics,Hyderabad,7.6,Air,327,371.54,3.61
1096,Electronics,Delhi,4.08,Road,89,437.06,4.7
1097,Electronics,Delhi,6.33,Air,150,710.65,4.02
1098,Furniture,Mumbai,26.66,Road,160,746.79,6.82
1099,Electronics,Bangalore,19.55,Sea,434,569.15,9.85
1100,Electronics,Pune,8.93,Air,370,776.96,3.48
1101,Furniture,Delhi,24.57,Road,298,189.73,5.97
1102,Furniture,Delhi,25.91,Road,240,196.57,5.82
1103,Furniture,Bangalore,25.47,Air,231,289.01,3.52
1104,Electronics,Bangalore,27.61,Sea,475,669.89,10.18
1105,Furniture,Hyderabad,7.94,Road,454,335.39,5.37
1106,Furniture,Hyderabad,22.77,Air,384,411.61,4.65
1107,Electronics,Pune,14.09,Sea,258,540.34,8.23
1108,Furniture,Pune,25.34,Road,71,993.05,7.26
1109,Electronics,Mumbai,21.99,Road,215,115.25,5.2
1110,Clothing,Hyderabad,23.41,Sea,148,814.32,9.39
1111,Furniture,Delhi,19.86,Sea,257,835.76,9.74
1112,Clothing,Hyderabad,5.73,Air,57,978.52,3.09
1113,Electronics,Delhi,16.58,Air,239,1126.03,4.86
1114,Furniture,Bangalore,29.55,Road,224,122.15,5.43
1115,Electronics,Hyderabad,28.15,Sea,322,269.16,10.05
1116,Clothing,Bangalore,1.77,Sea,66,1074.79,8.3
1117,Electronics,Pune,5.36,Sea,139,604.37,7.85
1118,Furniture,Pune,4.39,Road,190,721.05,5.17
1119,Furniture,Mumbai,21.92,Sea,194,829.33,9.72
1120,Clothing,Hyderabad,24.62,Sea,215,846.97,9.22
1121,Electronics,Bangalore,6.8,Road,386,1124.91,5.86
1122,Furniture,Delhi,15.42,Air,127,1196.64,4.11
1123,Clothing,Pune,25.3,Air,478,892.17,4.52
1124,Furniture,Pune,22.12,Road,311,415.94,7.05
1125,Furniture,Delhi,16.5,Sea,212,1067.73,9.03
1126,Electronics,Bangalore,17.92,Road,415,154.14,6.3
1127,Furniture,Bangalore,15.5,Air,63,354.19,3.36
1128,Electronics,Hyderabad,9.28,Air,288,1087.12,3.63
1129,Furniture,Hyderabad,17.17,Road,121,381.81,5.48
1130,Clothing,Mumbai,20.82,Road,494,342.72,6.76
1131,Furniture,Pune,26.26,Air,192,251.94,3.85
1132,Electronics,Hyderabad,19.27,Road,359,1045.02,7.32
1133,Electronics,Bangalore,22.95,Air,332,650.06,4.97
1134,Clothing,Delhi,5.22,Road,318,842.38,6.2
1135,Furniture,Bangalore,14.12,Road,290,362.97,5.42
1136,Furniture,Pune,0.78,Road,464,933.84,5.36
1137,Clothing,Bangalore,7.78,Air,294,936.01,3.61
1138,Furniture,Mumbai,21.93,Road,212,443.86,6.06
1139,Furniture,Pune,29.76,Air,109,551.75,4.53
1140,Electronics,Delhi,3.43,Air,55,330.66,1.53
1141,Furniture,Mumbai,12.34,Road,246,1174.22,6.28
1142,Furniture,Pune,24.1,Road,107,810.16,6.31
1143,Clothing,Delhi,6.52,Air,354,1128.0,4.02
1144,Clothing,Mumbai,16.88,Air,456,433.72,4.84
1145,Electronics,Mumbai,22.13,Sea,266,960.08,9.81
1146,Furniture,Pune,18.67,Air,467,942.44,5.47
1147,Furniture,Hyderabad,6.05,Sea,75,860.82,8.21
1148,Furniture,Mumbai,10.98,Sea,352,1162.2,9.88
1149,Electronics,Mumbai,23.62,Sea,54,532.91,9.64
1150,Electronics,Delhi,16.85,Road,69,243.79,5.88
1151,Clothing,Bangalore,0.65,Road,439,838.88,5.2
1152,Electronics,Pune,22.95,Air,247,902.24,4.42
1153,Furniture,Pune,1.54,Sea,108,732.57,7.85
1154,Furniture,Hyderabad,22.5,Road,497,327.5,6.69
1155,Electronics,Hyderabad,6.47,Road,291,654.9,5.9
1156,Furniture,Pune,28.76,Road,195,443.41,5.85
1157,Furniture,Hyderabad,11.35,Road,437,570.21,6.05
1158,Electronics,Delhi,10.14,Road,322,809.74,4.95
1159,Electronics,Pune,4.89,Sea,298,919.74,9.48
1160,Furniture,Hyderabad,9.52,Sea,63,355.45,7.7
1161,Furniture,Pune,26.36,Sea,62,545.86,9.02
1162,Furniture,Bangalore,29.89,Sea,440,396.08,9.62
1163,Clothing,Mumbai,11.37,Air,433,318.49,4.33
1164,Clothing,Pune,13.73,Sea,93,961.73,7.42
1165,Clothing,Mumbai,21.8,Road,424,1100.18,7.03
1166,Electronics,Hyderabad,26.64,Sea,448,507.26,9.68
1167,Clothing,Mumbai,17.99,Air,68,926.41,3.74
1168,Electronics,Pune,12.05,Road,112,1086.69,6.78
1169,Electronics,Bangalore,12.67,Sea,288,1030.74,8.8
1170,Clothing,Hyderabad,21.02,Sea,468,301.09,9.67
1171,Clothing,Pune,0.59,Sea,386,1151.92,9.13
1172,Clothing,Hyderabad,18.78,Road,468,514.34,7.02
1173,Furniture,Delhi,10.99,Road,452,473.16,5.59
1174,Clothing,Mumbai,23.93,Air,453,168.67,3.9
1175,Furniture,Delhi,3.24,Road,149,634.79,5.64
1176,Electronics,Pune,17.85,Road,212,219.91,5.75
1177,Furniture,Bangalore,14.69,Sea,465,373.39,8.27
1178,Clothing,Hyderabad,19.45,Road,171,448.64,5.49
1179,Electronics,Mumbai,2.41,Sea,481,989.71,9.27
1180,Electronics,Hyderabad,17.61,Sea,93,1063.04,9.55
1181,Electronics,Pune,17.06,Road,409,432.71,5.76
1182,Furniture,Hyderabad,17.04,Air,457,1044.57,3.35
1183,Clothing,Mumbai,18.3,Air,366,1042.95,4.95
1184,Electronics,Pune,20.46,Road,430,941.12,6.21
1185,Electronics,Hyderabad,24.25,Air,194,261.36,2.85
1186,Electronics,Bangalore,8.46,Sea,376,859.36,7.62
1187,Furniture,Pune,24.84,Sea,412,1139.53,10.61
1188,Furniture,Pune,15.2,Road,99,850.79,5.87
1189,Clothing,Bangalore,2.77,Air,114,464.78,2.72
1190,Furniture,Delhi,2.23,Air,404,650.64,4.26
1191,Electronics,Mumbai,10.36,Sea,337,810.3,9.32
1192,Clothing,Delhi,23.65,Road,213,661.63,7.08
1193,Electronics,Hyderabad,21.38,Air,190,231.95,2.98
1194,Electronics,Bangalore,23.76,Road,363,443.27,6.34
1195,Furniture,Delhi,15.76,Air,177,982.64,3.32
1196,Clothing,Pune,13.49,Sea,447,1047.56,9.5
1197,Furniture,Hyderabad,4.85,Sea,470,251.03,8.31
1198,Furniture,Hyderabad,10.18,Road,417,1147.63,6.8
1199,Clothing,Delhi,13.3,Sea,288,461.7,8.73
1200,Electronics,Delhi,3.11,Air,373,828.55,4.04
1201,Electronics,Bangalore,7.01,Sea,345,927.01,9.32
1202,Clothing,Mumbai,18.15,Road,236,993.14,7.45
1203,Electronics,Delhi,22.2,Road,257,1140.32,6.61
1204,Clothing,Delhi,29.95,Road,269,444.21,6.01
1205,Clothing,Pune,28.03,Air,449,1044.36,5.47
1206,Furniture,Hyderabad,19.46,Air,239,244.86,3.29
1207,Clothing,Mumbai,12.93,Air,437,875.54,5.14
1208,Furniture,Pune,19.27,Air,478,916.18,4.69
1209,Electronics,Bangalore,23.68,Air,395,845.5,4.54
1210,Electronics,Bangalore,3.99,Sea,333,377.55,8.01
1211,Electronics,Delhi,12.59,Air,401,1060.35,4.85
1212,Electronics,Delhi,25.27,Air,286,285.74,4.04
1213,Furniture,Bangalore,11.82,Sea,243,159.0,7.92
1214,Electronics,Delhi,17.37,Air,336,889.21,5.26
1215,Clothing,Mumbai,17.84,Road,308,623.02,5.7
1216,Clothing,Delhi,5.94,Air,295,1034.01,3.94
1217,Clothing,Hyderabad,11.19,Air,185,521.74,3.78
1218,Furniture,Delhi,10.37,Road,329,285.11,4.65
1219,Electronics,Pune,1.27,Road,320,1020.09,5.96
1220,Electronics,Mumbai,1.21,Road,220,703.8,4.68
1221,Electronics,Pune,25.04,Road,208,308.12,6.39
1222,Furniture,Pune,8.56,Air,250,892.42,3.34
1223,Clothing,Hyderabad,15.78,Road,94,662.23,5.99
1224,Clothing,Mumbai,9.31,Road,499,764.74,6.78
1225,Electronics,Mumbai,28.25,Sea,313,606.99,10.08
1226,Clothing,Mumbai,8.15,Road,120,1011.58,5.78
1227,Clothing,Mumbai,13.17,Road,413,1012.52,6.38
1228,Furniture,Mumbai,26.25,Sea,420,880.33,9.74
1229,Furniture,Hyderabad,25.34,Sea,152,215.94,9.52
1230,Furniture,Delhi,5.99,Air,174,1022.74,3.32
1231,Furniture,Pune,24.18,Sea,362,838.11,9.25
1232,Electronics,Mumbai,14.02,Air,335,866.73,4.57
1233,Furniture,Delhi,14.75,Sea,279,499.28,8.4
1234,Clothing,Delhi,4.44,Sea,195,1067.21,8.2
1235,Electronics,Pune,2.88,Air,419,897.91,3.16
1236,Clothing,Hyderabad,21.97,Sea,246,223.85,8.57
1237,Clothing,Bangalore,15.15,Air,422,548.56,4.11
1238,Clothing,Bangalore,13.39,Sea,270,1075.02,9.41
1239,Furniture,Delhi,22.02,Road,472,151.92,6.67
1240,Furniture,Pune,23.08,Sea,109,1157.56,9.79
1241,Electronics,Bangalore,5.19,Air,147,847.08,3.31
1242,Electronics,Delhi,18.5,Sea,220,794.51,9.06
1243,Furniture,Hyderabad,4.49,Air,431,397.62,3.74
1244,Clothing,Bangalore,22.67,Air,222,373.67,4.59
1245,Electronics,Delhi,19.88,Road,200,1136.26,6.59
1246,Furniture,Delhi,28.72,Road,399,428.1,6.43
1247,Furniture,Mumbai,2.53,Air,439,953.06,3.46
1248,Furniture,Hyderabad,2.18,Sea,489,532.43,7.9
1249,Clothing,Mumbai,8.82,Air,171,253.18,3.37
1250,Furniture,Pune,8.22,Air,157,111.79,3.13
1251,Furniture,Mumbai,7.79,Sea,53,698.68,8.48
1252,Furniture,Mumbai,27.23,Sea,142,1173.36,9.75
1253,Furniture,Bangalore,7.86,Sea,456,506.05,9.51
1254,Electronics,Delhi,8.52,Sea,55,492.91,7.79
1255,Electronics,Hyderabad,22.9,Air,337,478.5,4.78
1256,Furniture,Mumbai,13.77,Air,155,672.6,3.65
1257,Clothing,Hyderabad,23.41,Road,195,584.73,5.84
1258,Electronics,Mumbai,2.43,Air,320,1067.91,4.13
1259,Furniture,Pune,14.88,Sea,473,656.07,9.55
1260,Electronics,Mumbai,1.49,Road,427,658.53,5.77
1261,Electronics,Bangalore,2.35,Sea,145,252.21,7.7
1262,Clothing,Delhi,27.24,Air,278,1181.01,5.08
1263,Furniture,Pune,4.61,Road,251,374.97,6.3
1264,Furniture,Mumbai,16.21,Sea,261,180.7,9.11
1265,Clothing,Hyderabad,12.63,Road,55,829.46,5.93
1266,Clothing,Pune,10.75,Road,161,754.9,5.67
1267,Furniture,Pune,27.05,Air,425,556.66,5.26
1268,Furniture,Mumbai,1.14,Sea,428,564.41,8.74
1269,Clothing,Pune,20.08,Road,496,963.57,6.97
1270,Electronics,Hyderabad,28.92,Road,372,315.28,6.35
1271,Electronics,Pune,17.02,Sea,155,1002.28,9.12
1272,Clothing,Hyderabad,28.14,Road,188,813.62,5.01
1273,Electronics,Mumbai,2.04,Road,348,560.87,5.46
1274,Clothing,Delhi,12.85,Road,450,603.83,5.9
1275,Electronics,Pune,8.17,Sea,145,382.31,8.88
1276,Electronics,Delhi,22.06,Sea,437,927.33,9.91
1277,Furniture,Hyderabad,29.45,Sea,496,664.16,9.53
1278,Furniture,Pune,8.07,Sea,386,452.94,8.6
1279,Electronics,Bangalore,19.8,Air,346,755.66,3.91
1280,Electronics,Delhi,6.34,Road,438,1195.31,6.63
1281,Furniture,Pune,17.18,Sea,465,578.79,9.51
1282,Furniture,Delhi,14.19,Road,263,1112.76,6.83
1283,Furniture,Pune,29.17,Road,340,479.52,6.22
1284,Clothing,Mumbai,18.45,Air,71,160.21,3.24
1285,Electronics,Delhi,10.81,Sea,242,324.67,7.67
1286,Furniture,Bangalore,3.87,Sea,199,560.56,8.5
1287,Electronics,Bangalore,4.96,Road,417,341.6,5.68
1288,Clothing,Hyderabad,7.15,Sea,296,100.25,8.3
1289,Clothing,Pune,7.9,Road,316,1106.5,6.13
1290,Furniture,Delhi,25.59,Road,300,1028.27,7.12
1291,Clothing,Hyderabad,17.06,Air,52,916.52,4.68
1292,Electronics,Delhi,15.94,Air,442,284.6,3.82
1293,Furniture,Pune,3.89,Air,365,232.4,3.23
1294,Electronics,Bangalore,25.87,Road,125,174.37,5.17
1295,Electronics,Mumbai,21.82,Sea,136,896.43,8.83
1296,Clothing,Bangalore,2.5,Air,319,1121.69,3.93
1297,Clothing,Hyderabad,21.38,Sea,274,573.59,9.74
1298,Clothing,Mumbai,16.53,Air,67,231.05,3.06
1299,Clothing,Hyderabad,2.91,Air,162,663.63,3.02
1300,Clothing,Pune,14.02,Road,300,483.72,5.58
1301,Furniture,Mumbai,14.8,Air,282,512.31,3.55
1302,Electronics,Hyderabad,5.39,Air,378,783.46,3.96
1303,Electronics,Pune,28.4,Road,328,890.59,6.22
1304,Electronics,Bangalore,25.57,Sea,251,221.66,9.64
1305,Electronics,Pune,20.24,Air,132,139.15,3.08
1306,Clothing,Delhi,14.14,Road,174,1193.76,6.61
1307,Electronics,Pune,12.65,Air,224,356.0,2.8
1308,Furniture,Pune,19.7,Road,118,159.21,5.71
1309,Furniture,Delhi,16.59,Sea,96,308.86,8.67
1310,Electronics,Hyderabad,2.34,Sea,421,142.85,8.29
1311,Electronics,Hyderabad,15.62,Road,305,530.99,5.42
1312,Furniture,Pune,24.29,Road,264,982.64,6.85
1313,Furniture,Delhi,14.05,Road,79,475.37,4.74
1314,Clothing,Delhi,2.03,Sea,330,588.6,8.22
1315,Furniture,Bangalore,23.7,Air,461,843.15,5.46
1316,Clothing,Hyderabad,6.44,Sea,286,659.78,8.95
1317,Clothing,Mumbai,8.13,Road,297,1047.59,6.06
1318,Clothing,Hyderabad,5.36,Road,417,1052.64,5.67
1319,Clothing,Hyderabad,10.24,Sea,74,110.9,8.09
1320,Clothing,Bangalore,22.82,Road,123,955.85,6.35
1321,Electronics,Mumbai,15.82,Sea,255,606.81,7.75
1322,Furniture,Bangalore,6.54,Road,363,1187.72,6.63
1323,Clothing,Mumbai,26.4,Air,143,631.56,4.23
1324,Furniture,Pune,26.45,Air,424,1185.59,5.96
1325,Furniture,Mumbai,26.18,Road,176,930.03,6.04
1326,Clothing,Bangalore,7.54,Sea,474,373.47,7.11
1327,Electronics,Hyderabad,13.81,Air,74,692.23,3.67
1328,Clothing,Mumbai,29.56,Sea,383,1191.35,10.58
1329,Electronics,Mumbai,23.27,Road,404,1043.28,6.17
1330,Furniture,Delhi,1.3,Sea,165,207.1,7.11
1331,Electronics,Hyderabad,2.42,Air,97,877.01,4.57
1332,Electronics,Pune,14.19,Sea,275,480.14,8.59
1333,Electronics,Bangalore,27.32,Sea,315,107.68,9.47
1334,Furniture,Pune,16.39,Road,148,543.83,5.33
1335,Furniture,Hyderabad,15.19,Road,60,358.23,4.19
1336,Electronics,Mumbai,3.61,Road,134,1000.76,5.36
1337,Electronics,Mumbai,19.88,Air,454,471.06,4.24
1338,Clothing,Hyderabad,24.75,Air,263,1010.28,4.57
1339,Electronics,Mumbai,11.72,Road,222,100.66,5.07
1340,Clothing,Mumbai,23.38,Road,440,438.6,6.62
1341,Electronics,Mumbai,28.95,Air,258,365.28,4.25
1342,Clothing,Bangalore,6.51,Air,497,356.92,3.04
1343,Furniture,Bangalore,15.94,Air,431,175.01,4.08
1344,Electronics,Delhi,8.97,Air,113,305.84,2.01
1345,Electronics,Pune,23.89,Road,307,711.1,5.49
1346,Electronics,Hyderabad,17.54,Air,381,420.5,4.43
1347,Electronics,Hyderabad,19.22,Road,170,559.13,6.11
1348,Clothing,Hyderabad,24.04,Sea,347,514.55,9.38
1349,Electronics,Delhi,12.18,Sea,103,1063.5,8.18
1350,Furniture,Bangalore,27.5,Air,380,1095.83,4.88
1351,Furniture,Delhi,16.22,Sea,321,642.25,8.96
1352,Electronics,Hyderabad,5.16,Sea,290,463.17,7.5
1353,Furniture,Pune,21.03,Sea,292,217.48,8.48
1354,Electronics,Mumbai,23.9,Air,67,1148.74,4.8
1355,Electronics,Bangalore,9.84,Air,236,166.25,3.84
1356,Furniture,Bangalore,25.79,Sea,395,427.42,9.3
1357,Electronics,Delhi,27.23,Road,193,427.87,6.55
1358,Furniture,Bangalore,8.67,Sea,311,452.44,7.55
1359,Clothing,Hyderabad,29.51,Air,490,280.72,5.07
1360,Electronics,Hyderabad,4.65,Air,413,961.48,3.62
1361,Clothing,Delhi,6.46,Air,480,234.75,3.67
1362,Furniture,Hyderabad,5.93,Sea,288,798.4,8.55
1363,Clothing,Pune,26.87,Road,353,236.23,6.95
1364,Clothing,Delhi,19.8,Air,347,177.59,3.42
1365,Furniture,Pune,4.99,Air,125,1100.37,3.91
1366,Clothing,Mumbai,13.49,Sea,237,309.14,8.32
1367,Clothing,Pune,18.65,Road,382,1003.38,6.62
1368,Furniture,Mumbai,2.96,Sea,437,699.09,8.63
1369,Clothing,Mumbai,26.53,Air,295,185.64,3.68
1370,Furniture,Pune,24.21,Road,179,1150.99,6.71
1371,Clothing,Delhi,15.4,Road,364,371.66,5.84
1372,Furniture,Hyderabad,29.03,Air,460,1045.61,5.54
1373,Furniture,Hyderabad,12.82,Road,332,285.69,5.63
1374,Clothing,Mumbai,29.53,Road,128,1039.34,7.17
1375,Clothing,Mumbai,20.2,Sea,121,114.55,8.83
1376,Clothing,Delhi,19.22,Air,312,662.96,3.72
1377,Electronics,Bangalore,5.4,Air,240,946.39,4.13
1378,Electronics,Pune,26.52,Air,416,1128.28,4.69
1379,Electronics,Mumbai,13.11,Air,424,1100.12,4.9
1380,Furniture,Hyderabad,5.29,Air,479,1001.59,4.53
1381,Clothing,Delhi,0.87,Road,112,1077.01,4.39
1382,Furniture,Pune,17.01,Sea,429,319.14,9.07
1383,Electronics,Delhi,16.06,Air,61,412.6,3.1
1384,Clothing,Pune,21.72,Sea,190,417.87,8.5
1385,Furniture,Pune,26.76,Sea,303,514.76,10.13
1386,Clothing,Mumbai,2.84,Road,92,532.65,4.53
1387,Furniture,Delhi,22.08,Air,66,699.01,3.53
1388,Clothing,Delhi,6.03,Road,112,275.87,4.84
1389,Electronics,Hyderabad,25.82,Air,302,860.37,5.1
1390,Electronics,Hyderabad,24.66,Road,425,284.32,6.3
1391,Clothing,Mumbai,16.45,Sea,341,441.34,9.53
1392,Furniture,Mumbai,21.45,Air,57,653.68,4.11
1393,Electronics,Bangalore,9.77,Sea,374,976.08,8.12
1394,Electronics,Hyderabad,14.4,Sea,139,913.42,8.65
1395,Electronics,Pune,24.74,Road,257,810.09,6.28
1396,Clothing,Delhi,14.05,Air,341,271.35,3.9
1397,Clothing,Mumbai,11.06,Sea,333,701.75,7.61
1398,Furniture,Delhi,15.08,Road,167,196.19,6.56
1399,Furniture,Delhi,24.93,Air,398,515.1,4.82
1400,Furniture,Bangalore,10.39,Air,224,554.87,3.6
1401,Clothing,Hyderabad,5.63,Sea,125,143.79,8.27
1402,Clothing,Mumbai,21.5,Air,150,401.39,4.95
1403,Furniture,Delhi,24.87,Sea,463,1151.21,10.76
1404,Furniture,Mumbai,3.47,Air,200,1149.0,4.2
1405,Clothing,Pune,7.58,Road,449,487.56,5.83
1406,Furniture,Bangalore,4.69,Sea,319,147.41,7.95
1407,Electronics,Pune,10.76,Sea,120,297.0,7.84
1408,Clothing,Mumbai,13.79,Air,229,531.44,3.27
1409,Furniture,Mumbai,22.59,Air,173,1142.56,4.27
1410,Clothing,Hyderabad,19.71,Sea,430,255.32,8.43
1411,Electronics,Delhi,18.82,Air,342,939.87,4.53
1412,Clothing,Delhi,10.9,Road,334,219.55,4.59
1413,Clothing,Pune,25.32,Air,244,1179.38,5.03
1414,Clothing,Bangalore,14.4,Road,448,519.78,6.12
1415,Clothing,Delhi,29.38,Road,277,952.76,7.05
1416,Electronics,Hyderabad,19.21,Road,480,476.85,6.14
1417,Clothing,Pune,4.22,Road,479,790.44,7.5
1418,Clothing,Pune,20.45,Road,485,311.22,6.98
1419,Furniture,Hyderabad,10.09,Air,324,260.62,2.79
1420,Clothing,Bangalore,20.75,Road,155,1131.87,6.6
1421,Furniture,Hyderabad,2.55,Air,70,1109.41,3.07
1422,Electronics,Bangalore,5.66,Road,113,1076.22,5.08
1423,Electronics,Hyderabad,25.74,Sea,214,787.98,8.83
1424,Electronics,Hyderabad,7.2,Road,76,989.1,5.72
1425,Electronics,Mumbai,25.19,Sea,360,175.94,8.81
1426,Furniture,Pune,8.74,Road,334,468.27,6.06
1427,Clothing,Hyderabad,19.47,Road,197,445.07,6.31
1428,Electronics,Hyderabad,20.98,Road,330,799.21,7.2
1429,Clothing,Delhi,15.62,Sea,375,491.55,8.6
1430,Furniture,Pune,9.51,Sea,368,263.36,8.71
1431,Furniture,Delhi,6.77,Road,213,756.11,5.84
1432,Furniture,Pune,1.48,Air,435,995.82,3.7
1433,Electronics,Delhi,9.47,Road,455,520.34,5.52
1434,Clothing,Hyderabad,19.77,Sea,273,245.5,9.58
1435,Clothing,Hyderabad,28.18,Road,321,316.36,6.48
1436,Clothing,Mumbai,26.2,Sea,195,361.23,9.38
1437,Furniture,Delhi,23.1,Sea,487,429.89,9.15
1438,Electronics,Bangalore,23.76,Sea,405,807.07,9.2
1439,Furniture,Mumbai,20.12,Road,79,761.04,5.64
1440,Furniture,Delhi,8.18,Sea,94,865.69,8.4
1441,Clothing,Delhi,27.26,Sea,324,498.75,8.98
1442,Furniture,Mumbai,20.29,Road,83,1006.4,6.18
1443,Clothing,Hyderabad,17.03,Sea,190,324.5,7.71
1444,Electronics,Delhi,3.77,Road,476,615.94,5.2
1445,Clothing,Hyderabad,13.69,Sea,367,981.03,9.73
1446,Electronics,Mumbai,14.08,Air,423,298.17,4.15
1447,Clothing,Hyderabad,26.0,Air,270,220.85,3.86
1448,Furniture,Pune,16.63,Sea,405,1072.05,9.2
1449,Furniture,Bangalore,11.72,Air,71,477.22,2.69
1450,Electronics,Delhi,29.32,Road,229,852.26,6.59
1451,Electronics,Bangalore,3.77,Air,485,127.88,3.61
1452,Electronics,Hyderabad,12.97,Sea,416,859.05,9.8
1453,Clothing,Delhi,1.74,Sea,469,447.71,8.22
1454,Clothing,Hyderabad,22.33,Road,378,161.31,5.46
1455,Electronics,Pune,27.58,Sea,280,770.79,9.84
1456,Furniture,Mumbai,8.76,Road,452,364.88,5.3
1457,Clothing,Delhi,25.82,Air,87,525.49,3.73
1458,Clothing,Pune,9.12,Air,119,188.64,3.55
1459,Clothing,Pune,27.37,Road,165,261.88,6.37
1460,Electronics,Delhi,22.74,Road,288,427.77,6.22
1461,Electronics,Hyderabad,24.24,Sea,384,198.74,8.54
1462,Electronics,Pune,1.03,Air,490,1101.91,4.24
1463,Electronics,Bangalore,28.9,Road,197,106.65,6.48
1464,Electronics,Pune,21.94,Air,58,632.25,3.66
1465,Furniture,Hyderabad,9.49,Road,337,235.57,6.06
1466,Furniture,Hyderabad,24.97,Air,437,438.45,5.21
1467,Electronics,Bangalore,8.8,Sea,99,1118.67,9.59
1468,Clothing,Pune,26.25,Air,387,277.86,4.52
1469,Electronics,Hyderabad,3.82,Air,54,1162.42,3.76
1470,Furniture,Delhi,21.26,Air,453,326.37,5.0
1471,Furniture,Mumbai,16.45,Air,392,915.72,4.75
1472,Clothing,Mumbai,3.35,Air,175,701.34,2.97
1473,Furniture,Mumbai,7.64,Sea,124,1072.93,8.48
1474,Electronics,Pune,0.87,Road,214,709.39,5.3
1475,Clothing,Bangalore,14.33,Air,327,688.02,3.41
1476,Electronics,Hyderabad,9.39,Sea,491,315.0,8.69
1477,Electronics,Delhi,18.15,Air,373,282.85,4.48
1478,Clothing,Delhi,9.27,Air,349,1108.14,3.17
1479,Electronics,Pune,9.35,Road,339,460.62,6.37
1480,Furniture,Mumbai,22.42,Air,126,509.29,4.44
1481,Electronics,Pune,1.92,Sea,347,935.81,8.5
1482,Clothing,Bangalore,27.14,Sea,186,472.71,9.47
1483,Clothing,Bangalore,25.64,Road,155,1147.27,6.74
1484,Clothing,Hyderabad,20.2,Air,144,911.72,4.82
1485,Electronics,Hyderabad,18.0,Sea,184,757.17,9.52
1486,Clothing,Bangalore,26.82,Air,117,1068.98,3.94
1487,Clothing,Bangalore,5.97,Air,196,154.57,3.14
1488,Electronics,Bangalore,2.83,Air,208,382.77,2.84
1489,Furniture,Pune,7.57,Road,433,611.54,5.9
1490,Electronics,Bangalore,23.94,Air,212,349.68,3.61
1491,Clothing,Delhi,1.52,Sea,490,918.3,9.85
1492,Clothing,Mumbai,17.69,Air,390,1111.13,5.3
1493,Electronics,Bangalore,29.87,Sea,238,566.15,9.17
1494,Furniture,Mumbai,25.74,Air,464,476.35,4.02
1495,Clothing,Pune,15.88,Sea,388,1157.71,9.53
1496,Clothing,Mumbai,2.38,Sea,144,589.34,8.21
1497,Clothing,Pune,25.03,Air,230,637.95,4.47
1498,Electronics,Delhi,18.17,Air,337,486.81,4.7
1499,Clothing,Pune,3.89,Sea,371,1100.5,9.43
1500,Furniture,Pune,3.27,Road,236,725.85,5.85
1501,Clothing,Hyderabad,27.33,Air,421,938.39,5.31
1502,Clothing,Bangalore,20.24,Road,187,992.99,5.68
1503,Furniture,Bangalore,24.96,Air,179,476.03,3.98
1504,Clothing,Delhi,26.43,Air,243,577.06,4.91
1505,Electronics,Delhi,17.37,Air,365,1033.32,4.61
1506,Electronics,Bangalore,15.76,Air,322,499.58,4.18
1507,Electronics,Hyderabad,13.2,Road,401,973.33,6.28
1508,Furniture,Bangalore,9.85,Air,193,1135.09,3.5
1509,Clothing,Hyderabad,13.32,Sea,65,785.53,8.52
1510,Electronics,Delhi,23.33,Sea,351,915.79,9.94
1511,Furniture,Mumbai,18.26,Road,472,985.61,6.51
1512,Clothing,Delhi,26.83,Air,294,1029.54,4.84
1513,Furniture,Delhi,13.58,Sea,464,534.56,8.67
1514,Electronics,Pune,18.41,Road,156,156.39,5.95
1515,Electronics,Pune,19.12,Air,137,542.06,3.62
1516,Electronics,Pune,17.96,Sea,178,841.13,9.82
1517,Furniture,Pune,21.23,Sea,444,595.39,10.31
1518,Furniture,Hyderabad,7.5,Road,424,923.86,6.11
1519,Electronics,Bangalore,15.61,Air,390,492.68,3.55
1520,Furniture,Mumbai,3.57,Air,53,798.22,2.04
1521,Electronics,Delhi,11.84,Sea,376,305.06,7.91
1522,Electronics,Hyderabad,14.89,Sea,459,924.31,8.9
1523,Clothing,Mumbai,19.74,Sea,416,700.27,10.21
1524,Furniture,Hyderabad,28.54,Air,355,324.47,4.52
1525,Electronics,Hyderabad,18.22,Road,445,421.1,6.42
1526,Electronics,Delhi,22.44,Road,144,923.47,5.22
1527,Furniture,Bangalore,15.43,Air,258,630.86,3.32
1528,Clothing,Pune,19.21,Road,274,337.63,6.29
1529,Clothing,Bangalore,2.59,Sea,397,1164.0,9.23
1530,Electronics,Delhi,8.0,Road,370,886.64,5.95
1531,Furniture,Delhi,11.17,Road,96,1152.85,6.19
1532,Clothing,Delhi,14.44,Road,230,569.82,6.57
1533,Furniture,Mumbai,1.85,Sea,155,622.61,7.91
1534,Furniture,Bangalore,4.63,Air,248,1087.75,3.85
1535,Electronics,Bangalore,8.67,Sea,435,677.55,9.08
1536,Clothing,Hyderabad,29.16,Air,155,878.01,5.84
1537,Electronics,Hyderabad,10.27,Air,329,377.39,2.5
1538,Clothing,Hyderabad,14.72,Air,309,591.4,4.29
1539,Clothing,Delhi,6.28,Road,157,235.79,4.81
1540,Clothing,Bangalore,18.52,Road,68,326.58,5.67
1541,Clothing,Delhi,8.78,Air,459,101.04,3.13
1542,Clothing,Mumbai,6.61,Air,345,143.19,3.14
1543,Furniture,Hyderabad,15.74,Road,355,1175.01,7.03
1544,Electronics,Delhi,0.66,Sea,220,366.59,9.4
1545,Furniture,Delhi,0.73,Air,380,829.64,4.03
1546,Clothing,Mumbai,6.96,Sea,244,1023.01,8.43
1547,Electronics,Pune,1.58,Road,61,705.73,4.69
1548,Clothing,Bangalore,3.69,Air,244,268.46,2.71
1549,Electronics,Pune,10.5,Sea,332,900.93,8.19
1550,Furniture,Hyderabad,24.18,Sea,418,760.28,9.64
1551,Electronics,Delhi,17.38,Sea,231,904.38,9.6
1552,Electronics,Mumbai,15.62,Road,499,946.72,6.09
1553,Electronics,Mumbai,9.16,Road,354,1172.95,6.86
1554,Electronics,Bangalore,27.99,Sea,193,730.92,9.76
1555,Electronics,Pune,12.21,Sea,435,475.81,8.59
1556,Clothing,Bangalore,3.07,Road,365,813.31,5.63
1557,Electronics,Delhi,18.7,Sea,231,175.28,9.37
1558,Electronics,Bangalore,3.86,Sea,79,1087.14,8.8
1559,Furniture,Mumbai,10.68,Road,133,231.32,5.04
1560,Electronics,Mumbai,15.47,Sea,215,460.63,8.55
1561,Furniture,Hyderabad,26.29,Sea,333,997.32,10.02
1562,Clothing,Hyderabad,15.06,Sea,330,757.04,8.91
1563,Electronics,Delhi,21.22,Road,145,533.0,4.83
1564,Furniture,Pune,29.79,Sea,430,620.78,10.99
1565,Furniture,Bangalore,4.38,Road,315,1040.0,5.97
1566,Clothing,Delhi,8.6,Road,493,474.0,6.09
1567,Electronics,Hyderabad,12.14,Air,347,1056.61,4.33
1568,Electronics,Bangalore,12.94,Air,345,196.95,3.17
1569,Furniture,Hyderabad,12.63,Sea,274,954.48,9.04
1570,Electronics,Bangalore,27.27,Road,382,1032.3,6.36
1571,Furniture,Pune,21.56,Air,410,300.0,5.34
1572,Electronics,Delhi,18.43,Sea,423,573.38,8.72
1573,Furniture,Bangalore,9.63,Air,91,282.05,2.43
1574,Electronics,Mumbai,24.8,Air,352,877.26,4.6
1575,Clothing,Mumbai,28.67,Road,470,688.88,7.71
1576,Electronics,Bangalore,24.73,Road,295,798.86,6.63
1577,Electronics,Bangalore,0.55,Air,257,316.14,2.24
1578,Clothing,Bangalore,19.27,Air,286,332.92,4.5
1579,Electronics,Mumbai,2.01,Road,71,145.65,4.75
1580,Clothing,Mumbai,8.1,Sea,234,454.27,8.6
1581,Electronics,Bangalore,2.26,Road,291,715.72,5.77
1582,Furniture,Hyderabad,18.31,Air,412,1043.73,5.98
1583,Furniture,Hyderabad,20.75,Sea,332,833.62,10.63
1584,Electronics,Pune,3.88,Air,90,578.94,2.61
1585,Electronics,Delhi,11.82,Sea,385,1148.43,10.32
1586,Electronics,Hyderabad,13.96,Air,211,891.17,4.2
1587,Furniture,Mumbai,11.39,Sea,209,1123.18,9.36
1588,Electronics,Hyderabad,4.07,Sea,138,680.35,7.31
1589,Furniture,Pune,12.86,Air,371,384.79,3.68
1590,Clothing,Pune,22.66,Sea,61,158.11,8.01
1591,Furniture,Delhi,2.59,Road,473,898.69,6.39
1592,Furniture,Hyderabad,2.87,Air,122,233.43,3.16
1593,Clothing,Mumbai,10.97,Road,125,433.05,4.19
1594,Furniture,Mumbai,28.28,Air,395,685.72,4.88
1595,Electronics,Bangalore,20.22,Sea,250,720.86,9.79
1596,Electronics,Mumbai,20.52,Sea,59,760.64,8.81
1597,Furniture,Delhi,11.18,Sea,401,282.88,9.01
1598,Electronics,Delhi,18.01,Air,275,517.71,4.14
1599,Furniture,Mumbai,0.8,Road,225,778.91,5.44
1600,Electronics,Mumbai,19.26,Road,325,1166.8,6.64
1601,Electronics,Bangalore,27.44,Air,88,900.39,3.84
1602,Furniture,Mumbai,18.57,Air,109,1114.86,3.7
1603,Electronics,Bangalore,26.27,Road,115,938.43,6.84
1604,Furniture,Bangalore,21.86,Road,370,750.89,6.59
1605,Electronics,Mumbai,4.06,Road,484,311.23,5.41
1606,Electronics,Pune,27.12,Road,173,833.35,6.32
1607,Clothing,Pune,2.46,Air,213,785.72,3.18
1608,Clothing,Bangalore,16.25,Air,457,762.72,5.01
1609,Furniture,Mumbai,4.69,Sea,460,638.76,8.63
1610,Clothing,Pune,0.85,Road,435,681.52,4.92
1611,Furniture,Mumbai,12.95,Sea,208,467.89,8.9
1612,Clothing,Mumbai,9.2,Air,106,671.24,3.24
1613,Electronics,Mumbai,14.84,Air,127,317.31,3.33
1614,Furniture,Hyderabad,17.53,Sea,243,985.69,10.15
1615,Furniture,Mumbai,1.79,Road,334,304.35,5.05
1616,Electronics,Hyderabad,4.13,Road,64,193.46,4.67
1617,Furniture,Bangalore,16.98,Road,61,579.87,4.96
1618,Furniture,Pune,10.62,Road,150,824.14,5.55
1619,Clothing,Pune,22.01,Sea,205,581.49,9.4
1620,Furniture,Pune,19.74,Sea,389,404.43,8.39
1621,Electronics,Pune,25.45,Air,174,713.99,4.43
1622,Clothing,Pune,20.93,Road,408,481.7,6.39
1623,Clothing,Pune,13.18,Road,329,1126.15,6.46
1624,Electronics,Pune,20.35,Road,454,1114.91,7.56
1625,Electronics,Bangalore,8.62,Sea,443,652.61,9.14
1626,Clothing,Mumbai,9.54,Road,159,460.67,5.99
1627,Furniture,Delhi,23.78,Sea,383,910.85,9.37
1628,Clothing,Hyderabad,13.67,Road,406,140.38,5.7
1629,Electronics,Delhi,24.05,Road,195,622.25,6.26
1630,Clothing,Delhi,24.76,Air,265,469.96,3.7
1631,Electronics,Mumbai,25.8,Road,447,1112.59,7.77
1632,Clothing,Mumbai,27.54,Road,211,113.2,7.07
1633,Furniture,Mumbai,13.21,Air,177,708.1,3.71
1634,Clothing,Pune,9.91,Sea,363,914.73,9.39
1635,Clothing,Bangalore,17.67,Sea,381,633.52,9.32
1636,Electronics,Pune,11.45,Road,199,193.94,4.81
1637,Electronics,Bangalore,18.23,Sea,85,1169.71,8.34
1638,Electronics,Bangalore,21.31,Road,222,669.81,5.83
1639,Clothing,Delhi,20.81,Air,469,775.6,4.06
1640,Furniture,Delhi,11.55,Air,71,360.27,3.93
1641,Electronics,Bangalore,5.42,Road,255,631.85,5.36
1642,Electronics,Bangalore,13.2,Air,176,572.06,3.41
1643,Clothing,Pune,4.71,Air,385,182.39,3.63
1644,Electronics,Pune,26.76,Road,494,216.78,5.98
1645,Furniture,Delhi,10.7,Road,405,1021.22,5.98
1646,Furniture,Mumbai,5.06,Air,489,363.8,3.63
1647,Electronics,Bangalore,1.25,Sea,266,314.45,8.42
1648,Electronics,Pune,19.55,Sea,145,655.4,9.17
1649,Clothing,Delhi,19.29,Road,466,945.62,6.97
1650,Furniture,Pune,10.55,Road,478,168.14,5.69
1651,Furniture,Bangalore,2.62,Sea,213,734.49,8.49
1652,Electronics,Bangalore,12.58,Air,197,231.13,3.35
1653,Clothing,Hyderabad,9.68,Sea,67,140.11,7.24
1654,Furniture,Mumbai,20.48,Sea,343,158.02,8.89
1655,Furniture,Hyderabad,18.37,Sea,244,1017.58,8.89
1656,Clothing,Delhi,11.26,Sea,200,229.77,8.23
1657,Clothing,Pune,6.93,Road,414,149.67,5.08
1658,Furniture,Delhi,29.65,Road,172,581.69,7.68
1659,Furniture,Bangalore,13.89,Air,449,1028.39,4.6
1660,Clothing,Hyderabad,20.8,Air,236,388.65,3.2
1661,Furniture,Hyderabad,4.65,Air,198,563.88,3.13
1662,Electronics,Hyderabad,14.82,Air,153,143.91,3.45
1663,Electronics,Delhi,1.31,Sea,292,593.99,9.08
1664,Clothing,Bangalore,15.41,Road,280,735.37,5.77
1665,Clothing,Pune,28.94,Road,255,728.0,5.89
1666,Clothing,Pune,11.83,Air,247,465.67,3.96
1667,Electronics,Delhi,1.65,Air,445,447.09,2.73
1668,Furniture,Hyderabad,1.41,Sea,449,217.29,7.97
1669,Electronics,Mumbai,11.95,Sea,386,503.48,8.74
1670,Furniture,Delhi,5.22,Air,136,209.44,2.71
1671,Electronics,Delhi,1.19,Road,191,943.26,5.73
1672,Furniture,Bangalore,22.81,Road,366,1162.9,6.69
1673,Electronics,Pune,14.03,Road,248,1167.08,6.23
1674,Clothing,Delhi,9.03,Air,95,1051.58,3.69
1675,Electronics,Delhi,27.05,Road,337,760.87,6.86
1676,Furniture,Hyderabad,3.93,Sea,64,870.95,8.24
1677,Electronics,Hyderabad,28.7,Sea,93,413.73,9.25
1678,Electronics,Mumbai,9.76,Air,450,793.85,4.6
1679,Electronics,Bangalore,26.71,Sea,218,601.21,9.57
1680,Clothing,Mumbai,18.29,Air,359,630.22,4.49
1681,Electronics,Hyderabad,24.89,Road,93,933.55,5.57
1682,Clothing,Pune,29.53,Road,147,410.11,6.21
1683,Clothing,Hyderabad,9.01,Road,310,449.84,5.76
1684,Electronics,Bangalore,28.85,Sea,158,1117.11,10.24
1685,Electronics,Hyderabad,11.99,Air,332,161.85,3.08
1686,Electronics,Bangalore,11.87,Road,421,634.2,5.74
1687,Furniture,Bangalore,10.54,Air,392,1104.08,4.13
1688,Electronics,Bangalore,16.47,Road,153,771.4,6.17
1689,Clothing,Bangalore,5.05,Sea,305,701.05,9.08
1690,Electronics,Bangalore,16.83,Sea,428,374.72,8.87
1691,Furniture,Pune,16.48,Air,255,477.6,4.27
1692,Electronics,Mumbai,22.98,Sea,384,1037.25,10.02
1693,Furniture,Delhi,25.09,Sea,92,715.14,9.09
1694,Furniture,Mumbai,13.49,Air,402,666.22,4.04
1695,Electronics,Bangalore,9.42,Road,294,209.54,5.64
1696,Clothing,Pune,8.15,Sea,336,117.63,8.36
1697,Furniture,Hyderabad,6.24,Air,404,1160.05,5.42
1698,Electronics,Pune,2.2,Sea,322,514.68,7.84
1699,Electronics,Bangalore,10.6,Sea,132,763.53,8.82
1700,Clothing,Pune,8.47,Sea,159,187.69,7.66
1701,Furniture,Pune,29.01,Sea,487,851.43,9.84
1702,Furniture,Bangalore,16.95,Air,239,1125.82,4.45
1703,Electronics,Pune,10.74,Air,337,733.23,4.01
1704,Electronics,Delhi,17.62,Air,473,238.73,5.52
1705,Clothing,Delhi,4.61,Sea,446,739.89,8.77
1706,Clothing,Pune,13.6,Sea,300,942.98,8.66
1707,Furniture,Hyderabad,18.97,Sea,261,547.06,9.15
1708,Furniture,Bangalore,14.92,Air,340,1067.82,3.46
1709,Electronics,Delhi,12.35,Sea,182,813.55,8.75
1710,Furniture,Hyderabad,29.82,Road,250,1089.17,7.09
1711,Clothing,Pune,26.47,Sea,334,785.86,10.17
1712,Clothing,Hyderabad,18.89,Road,375,244.42,6.43
1713,Electronics,Mumbai,17.3,Sea,458,440.66,8.97
1714,Clothing,Delhi,18.81,Air,144,321.97,3.48
1715,Clothing,Pune,6.44,Sea,327,1099.71,8.69
1716,Clothing,Bangalore,12.16,Road,499,936.44,5.98
1717,Clothing,Pune,1.66,Road,478,844.04,6.04
1718,Electronics,Bangalore,14.53,Sea,374,431.06,8.27
1719,Electronics,Pune,16.52,Road,268,302.45,5.46
1720,Furniture,Hyderabad,7.22,Road,138,932.1,5.07
1721,Clothing,Hyderabad,28.94,Air,121,621.57,4.59
1722,Furniture,Hyderabad,27.33,Sea,296,348.37,10.21
1723,Electronics,Mumbai,21.8,Sea,178,778.28,8.57
1724,Electronics,Bangalore,16.23,Sea,261,144.37,7.55
1725,Electronics,Hyderabad,26.16,Road,477,458.79,6.66
1726,Electronics,Mumbai,4.35,Sea,392,615.41,8.62
1727,Electronics,Bangalore,23.82,Sea,145,262.75,8.85
1728,Electronics,Pune,4.18,Air,124,1183.12,3.42
1729,Electronics,Mumbai,23.93,Air,472,330.01,4.37
1730,Clothing,Delhi,8.64,Air,103,243.39,3.07
1731,Furniture,Mumbai,26.37,Road,393,323.89,6.95
1732,Electronics,Mumbai,28.35,Sea,462,945.97,9.31
1733,Clothing,Bangalore,4.89,Air,103,568.06,2.83
1734,Clothing,Pune,14.15,Air,267,721.96,4.07
1735,Furniture,Delhi,29.44,Air,65,123.11,3.27
1736,Electronics,Hyderabad,14.76,Sea,148,137.87,9.04
1737,Furniture,Hyderabad,25.97,Sea,69,590.41,8.71
1738,Electronics,Mumbai,17.87,Sea,95,998.32,9.06
1739,Clothing,Bangalore,11.57,Road,242,1073.76,6.41
1740,Clothing,Bangalore,8.93,Road,432,195.38,5.21
1741,Clothing,Hyderabad,6.5,Air,107,692.2,2.31
1742,Clothing,Delhi,22.97,Sea,486,1104.55,10.01
1743,Furniture,Pune,11.9,Air,160,526.77,3.96
1744,Electronics,Delhi,15.58,Sea,178,1012.52,8.98
1745,Electronics,Pune,15.02,Sea,386,247.07,8.35
1746,Furniture,Hyderabad,17.53,Sea,243,1128.93,9.95
1747,Electronics,Pune,26.03,Road,462,926.57,6.99
1748,Clothing,Bangalore,29.43,Road,389,1135.47,7.13
1749,Electronics,Mumbai,12.52,Sea,375,844.28,9.3
1750,Clothing,Mumbai,24.91,Air,57,499.74,4.24
1751,Furniture,Hyderabad,23.05,Sea,78,1132.0,10.63
1752,Electronics,Bangalore,17.42,Sea,161,403.12,9.01
1753,Furniture,Delhi,28.7,Air,484,465.39,5.45
1754,Electronics,Bangalore,6.41,Sea,210,870.89,8.36
1755,Clothing,Mumbai,3.72,Air,180,941.85,2.97
1756,Furniture,Mumbai,25.69,Road,237,1122.34,6.91
1757,Electronics,Bangalore,13.45,Road,212,325.28,5.48
1758,Clothing,Bangalore,25.49,Air,246,977.8,4.21
1759,Furniture,Mumbai,26.85,Road,413,912.4,6.99
1760,Furniture,Delhi,2.34,Road,253,170.17,4.99
1761,Electronics,Hyderabad,26.56,Air,261,525.95,4.56
1762,Electronics,Hyderabad,13.73,Road,158,411.04,5.67
1763,Electronics,Bangalore,15.56,Sea,325,434.94,9.01
1764,Clothing,Hyderabad,18.98,Sea,122,1181.24,9.12
1765,Electronics,Mumbai,27.83,Air,216,807.06,4.37
1766,Furniture,Mumbai,1.06,Road,309,889.44,4.96
1767,Furniture,Bangalore,14.57,Sea,292,1174.28,10.38
1768,Electronics,Bangalore,20.79,Sea,324,514.92,9.21
1769,Electronics,Bangalore,21.82,Road,151,982.02,6.26
1770,Furniture,Delhi,20.93,Road,222,577.98,5.6
1771,Clothing,Hyderabad,4.47,Sea,220,1056.49,10.19
1772,Electronics,Bangalore,9.33,Sea,190,298.72,7.61
1773,Electronics,Pune,11.08,Air,446,1142.45,4.37
1774,Furniture,Pune,24.23,Air,237,340.65,4.23
1775,Electronics,Mumbai,8.72,Sea,490,458.84,9.17
1776,Clothing,Hyderabad,6.72,Air,135,931.81,4.02
1777,Furniture,Bangalore,28.74,Sea,101,533.13,10.08
1778,Electronics,Pune,0.76,Sea,160,769.03,8.38
1779,Furniture,Hyderabad,29.94,Air,486,589.03,4.53
1780,Electronics,Mumbai,20.47,Air,414,916.61,4.64
1781,Electronics,Delhi,24.94,Road,391,351.16,6.53
1782,Electronics,Hyderabad,9.19,Road,92,164.3,5.84
1783,Clothing,Hyderabad,0.92,Road,260,429.92,4.3
1784,Clothing,Delhi,22.27,Sea,249,621.74,9.83
1785,Furniture,Hyderabad,25.11,Air,347,284.82,4.32
1786,Electronics,Mumbai,22.34,Sea,395,490.28,9.82
1787,Electronics,Mumbai,4.71,Air,289,539.98,3.3
1788,Clothing,Delhi,22.73,Sea,164,163.13,8.21
1789,Electronics,Bangalore,23.18,Road,75,741.64,6.43
1790,Clothing,Pune,19.93,Road,456,1072.78,7.31
1791,Electronics,Bangalore,23.1,Road,348,266.92,6.6
1792,Furniture,Hyderabad,25.45,Sea,126,757.59,9.28
1793,Electronics,Pune,18.6,Air,461,831.21,4.38
1794,Electronics,Delhi,3.11,Air,186,561.27,2.31
1795,Clothing,Delhi,14.89,Road,69,871.21,6.16
1796,Electronics,Pune,2.79,Road,489,551.8,5.88
1797,Electronics,Mumbai,12.52,Road,260,655.1,5.32
1798,Clothing,Pune,12.51,Road,289,108.09,5.04
1799,Furniture,Hyderabad,2.45,Air,88,860.89,2.93
1800,Furniture,Mumbai,10.79,Sea,484,827.48,8.59
1801,Clothing,Delhi,3.77,Sea,317,142.24,7.56
1802,Clothing,Pune,24.34,Sea,256,505.08,8.67
1803,Clothing,Bangalore,28.46,Sea,488,1176.94,10.37
1804,Clothing,Bangalore,2.63,Road,316,562.81,4.96
1805,Clothing,Hyderabad,28.68,Road,203,652.14,5.68
1806,Furniture,Bangalore,15.92,Road,91,1100.92,7.09
1807,Furniture,Pune,9.34,Sea,460,888.99,9.9
1808,Clothing,Pune,2.77,Road,60,740.28,4.61
1809,Electronics,Bangalore,15.27,Road,343,977.59,6.56
1810,Clothing,Pune,23.94,Air,147,1050.8,4.75
1811,Electronics,Hyderabad,21.36,Air,476,602.58,5.22
1812,Clothing,Mumbai,1.98,Road,324,622.62,4.96
1813,Clothing,Hyderabad,2.65,Air,497,524.66,4.2
1814,Furniture,Hyderabad,12.38,Air,439,1163.38,4.39
1815,Electronics,Pune,9.21,Road,479,866.88,5.62
1816,Electronics,Mumbai,7.36,Road,421,191.55,5.76
1817,Furniture,Pune,8.79,Road,279,1049.26,6.69
1818,Furniture,Delhi,24.2,Road,418,628.62,7.97
1819,Furniture,Pune,27.91,Sea,475,175.63,8.92
1820,Furniture,Pune,12.45,Sea,269,704.69,9.21
1821,Electronics,Pune,27.23,Road,114,558.88,5.94
1822,Electronics,Mumbai,9.98,Air,404,1065.52,4.76
1823,Clothing,Pune,14.55,Road,281,324.39,4.88
1824,Clothing,Mumbai,7.17,Road,377,1009.11,5.49
1825,Furniture,Bangalore,19.39,Air,492,713.46,4.28
1826,Furniture,Delhi,29.38,Sea,101,160.07,8.87
1827,Furniture,Mumbai,18.3,Road,423,1169.03,6.61
1828,Clothing,Bangalore,11.06,Road,480,663.88,6.51
1829,Clothing,Mumbai,19.61,Sea,425,419.96,9.76
1830,Clothing,Mumbai,4.13,Sea,312,616.35,8.75
1831,Clothing,Delhi,26.72,Air,316,1043.64,5.82
1832,Clothing,Hyderabad,15.34,Sea,408,435.39,9.23
1833,Clothing,Hyderabad,13.76,Sea,366,311.94,8.12
1834,Clothing,Mumbai,17.78,Sea,373,241.98,9.56
1835,Furniture,Pune,18.93,Air,458,427.65,3.99
1836,Furniture,Bangalore,2.62,Sea,445,958.05,9.43
1837,Furniture,Pune,20.64,Sea,203,618.79,9.84
1838,Furniture,Pune,7.64,Air,407,350.23,3.77
1839,Clothing,Mumbai,21.56,Sea,415,282.8,8.44
1840,Electronics,Mumbai,24.76,Sea,189,466.0,8.62
1841,Clothing,Mumbai,24.22,Air,476,1133.92,5.96
1842,Electronics,Mumbai,16.8,Road,100,477.33,5.43
1843,Furniture,Hyderabad,15.85,Air,166,1186.94,4.35
1844,Clothing,Mumbai,4.71,Sea,470,633.75,9.19
1845,Furniture,Hyderabad,23.37,Sea,95,297.08,9.0
1846,Clothing,Hyderabad,8.51,Sea,358,1080.25,9.36
1847,Furniture,Mumbai,15.15,Air,137,606.39,3.53
1848,Electronics,Delhi,8.89,Sea,257,880.64,8.68
1849,Electronics,Bangalore,4.45,Sea,426,1182.08,9.69
1850,Electronics,Pune,19.07,Air,318,155.19,4.02
1851,Clothing,Hyderabad,2.1,Road,138,206.36,4.46
1852,Electronics,Bangalore,22.59,Road,430,892.5,7.42
1853,Clothing,Delhi,9.87,Sea,167,410.01,8.17
1854,Electronics,Pune,0.5,Air,103,302.73,2.11
1855,Electronics,Pune,15.58,Sea,490,143.3,8.52
1856,Clothing,Hyderabad,1.88,Air,165,124.03,2.06
1857,Clothing,Mumbai,8.65,Air,167,951.93,3.58
1858,Electronics,Delhi,21.36,Road,309,247.88,6.55
1859,Clothing,Hyderabad,2.35,Road,124,614.49,4.58
1860,Electronics,Delhi,25.26,Air,354,766.49,4.83
1861,Clothing,Mumbai,0.61,Sea,56,571.19,7.39
1862,Furniture,Mumbai,7.78,Road,415,129.82,5.22
1863,Furniture,Hyderabad,22.36,Sea,171,961.85,8.67
1864,Furniture,Mumbai,9.83,Road,60,111.56,4.61
1865,Furniture,Bangalore,3.51,Road,397,938.08,5.81
1866,Furniture,Pune,11.13,Sea,487,1082.63,9.88
1867,Electronics,Hyderabad,8.48,Road,264,576.12,5.64
1868,Furniture,Delhi,25.36,Road,478,689.1,6.31
1869,Furniture,Bangalore,9.74,Sea,328,624.68,9.31
1870,Furniture,Hyderabad,23.77,Road,77,528.13,5.98
1871,Furniture,Mumbai,26.81,Road,284,1076.17,7.08
1872,Clothing,Mumbai,13.3,Road,416,1083.33,6.58
1873,Electronics,Mumbai,27.34,Sea,362,469.4,9.3
1874,Furniture,Mumbai,11.63,Air,75,776.58,3.62
1875,Furniture,Delhi,28.94,Sea,458,1119.6,10.72
1876,Furniture,Bangalore,3.13,Air,103,1158.26,2.65
1877,Electronics,Pune,20.77,Road,78,659.85,5.58
1878,Clothing,Delhi,15.07,Air,402,598.11,4.03
1879,Electronics,Delhi,11.94,Sea,213,406.56,8.56
1880,Clothing,Pune,19.17,Sea,319,1154.76,10.35
1881,Furniture,Pune,21.26,Road,383,257.1,5.7
1882,Furniture,Mumbai,0.63,Air,84,737.81,2.69
1883,Electronics,Delhi,5.43,Road,335,410.81,5.1
1884,Electronics,Hyderabad,21.53,Road,397,406.91,5.88
1885,Clothing,Pune,20.16,Sea,322,545.47,9.02
1886,Clothing,Pune,29.0,Air,257,1198.67,5.55
1887,Electronics,Bangalore,22.95,Air,287,160.46,3.36
1888,Clothing,Hyderabad,28.55,Air,463,736.4,5.3
1889,Electronics,Hyderabad,21.22,Air,142,190.83,2.68
1890,Clothing,Pune,9.29,Road,222,269.97,4.9
1891,Electronics,Mumbai,3.61,Road,128,583.52,4.86
1892,Electronics,Bangalore,23.56,Sea,159,661.51,9.99
1893,Electronics,Hyderabad,19.5,Road,266,384.67,5.75
1894,Clothing,Pune,1.92,Road,484,448.1,4.41
1895,Clothing,Hyderabad,11.12,Sea,407,195.66,7.57
1896,Clothing,Bangalore,28.73,Sea,155,433.54,9.2
1897,Electronics,Bangalore,15.26,Sea,96,1163.21,9.43
1898,Clothing,Delhi,13.27,Road,230,1139.18,6.45
1899,Clothing,Pune,14.0,Road,113,468.37,5.48
1900,Electronics,Bangalore,6.66,Sea,295,727.94,9.23
1901,Furniture,Delhi,11.38,Sea,293,1100.55,8.99
1902,Electronics,Delhi,11.41,Sea,471,106.8,9.07
1903,Clothing,Hyderabad,2.04,Road,369,991.75,5.02
1904,Electronics,Hyderabad,23.14,Road,136,1143.21,6.12
1905,Furniture,Delhi,12.79,Air,266,200.46,2.47
1906,Electronics,Hyderabad,24.75,Road,56,277.59,5.49
1907,Clothing,Bangalore,25.59,Road,327,1156.82,7.07
1908,Furniture,Mumbai,6.75,Road,386,691.29,5.86
1909,Clothing,Bangalore,19.89,Sea,259,115.62,8.66
1910,Furniture,Delhi,14.43,Road,218,383.4,5.08
1911,Furniture,Delhi,26.46,Sea,379,594.94,9.58
1912,Electronics,Bangalore,6.86,Air,187,862.2,2.83
1913,Electronics,Hyderabad,20.5,Air,490,906.48,5.59
1914,Clothing,Hyderabad,18.43,Sea,440,1194.96,9.84
1915,Electronics,Delhi,9.21,Sea,430,416.26,8.49
1916,Electronics,Pune,4.53,Sea,355,692.04,9.42
1917,Furniture,Hyderabad,19.72,Road,279,686.66,5.61
1918,Electronics,Bangalore,22.29,Air,357,546.21,3.81
1919,Furniture,Hyderabad,9.81,Sea,210,286.08,7.65
1920,Furniture,Bangalore,19.52,Road,50,1175.2,6.22
1921,Furniture,Delhi,12.16,Air,285,1038.65,4.43
1922,Clothing,Hyderabad,21.54,Road,486,648.17,7.07
1923,Clothing,Bangalore,6.38,Air,237,763.57,4.84
1924,Clothing,Delhi,26.76,Road,467,349.99,5.5
1925,Furniture,Pune,8.98,Air,53,698.17,3.56
1926,Clothing,Bangalore,11.35,Air,450,864.47,4.05
1927,Clothing,Pune,2.21,Road,181,666.68,4.85
1928,Electronics,Pune,3.79,Sea,476,1189.31,9.02
1929,Clothing,Mumbai,15.72,Air,267,772.48,3.64
1930,Clothing,Hyderabad,8.39,Sea,309,508.07,9.39
1931,Furniture,Bangalore,25.15,Road,50,949.37,6.73
1932,Furniture,Pune,0.93,Sea,120,287.51,7.59
1933,Furniture,Mumbai,11.68,Sea,227,522.97,9.24
1934,Furniture,Delhi,10.45,Sea,238,481.65,7.72
1935,Furniture,Bangalore,1.07,Sea,340,574.99,7.64
1936,Furniture,Pune,4.17,Sea,57,959.96,7.19
1937,Clothing,Hyderabad,12.7,Air,302,632.59,3.52
1938,Furniture,Mumbai,15.04,Air,457,973.42,4.72
1939,Furniture,Pune,12.43,Air,341,734.14,4.09
1940,Electronics,Hyderabad,16.16,Road,483,476.28,6.32
1941,Clothing,Pune,18.06,Sea,293,990.98,8.77
1942,Clothing,Bangalore,0.79,Air,172,362.12,3.15
1943,Clothing,Bangalore,14.19,Road,348,346.82,5.87
1944,Furniture,Bangalore,28.92,Air,332,654.95,5.13
1945,Furniture,Mumbai,15.81,Air,81,386.93,2.39
1946,Furniture,Bangalore,20.49,Sea,383,110.0,9.06
1947,Electronics,Hyderabad,9.7,Road,426,813.13,5.56
1948,Furniture,Pune,23.33,Sea,195,662.2,9.02
1949,Electronics,Delhi,23.3,Sea,205,590.07,9.43
1950,Clothing,Hyderabad,15.88,Air,462,1163.67,4.93
1951,Furniture,Hyderabad,29.29,Sea,65,728.32,8.9
1952,Electronics,Bangalore,4.2,Road,404,1049.77,6.07
1953,Electronics,Mumbai,1.0,Sea,96,253.4,6.73
1954,Furniture,Pune,23.22,Sea,300,726.13,10.06
1955,Clothing,Mumbai,24.31,Sea,236,1054.78,9.64
1956,Clothing,Pune,4.05,Air,80,741.42,3.66
1957,Clothing,Pune,8.33,Road,309,889.82,5.66
1958,Electronics,Mumbai,1.02,Air,470,509.25,3.24
1959,Electronics,Hyderabad,9.15,Air,66,201.69,2.41
1960,Electronics,Pune,23.31,Air,88,603.69,4.38
1961,Electronics,Mumbai,15.78,Air,353,533.93,3.67
1962,Clothing,Pune,10.77,Air,479,1053.77,4.87
1963,Furniture,Delhi,11.47,Road,481,368.39,5.71
1964,Electronics,Hyderabad,0.54,Sea,88,1163.41,7.38
1965,Electronics,Bangalore,9.34,Air,181,1153.95,3.7
1966,Clothing,Pune,19.57,Air,79,372.39,2.92
1967,Furniture,Delhi,29.24,Road,207,482.86,6.38
1968,Furniture,Bangalore,25.49,Road,327,1085.11,6.42
1969,Clothing,Bangalore,1.2,Sea,252,1163.28,9.19
1970,Clothing,Pune,27.01,Road,115,587.78,6.12
1971,Furniture,Mumbai,23.6,Sea,157,453.1,8.86
1972,Electronics,Pune,23.52,Air,317,678.7,4.82
1973,Furniture,Delhi,14.01,Air,271,856.55,4.58
1974,Clothing,Bangalore,12.24,Sea,341,400.82,8.68
1975,Electronics,Pune,9.44,Road,67,910.12,5.13
1976,Electronics,Mumbai,2.44,Sea,139,156.82,6.67
1977,Clothing,Pune,7.23,Road,230,154.22,4.63
1978,Clothing,Hyderabad,7.77,Air,304,524.92,3.21
1979,Clothing,Mumbai,14.78,Road,302,488.82,5.89
1980,Furniture,Delhi,22.55,Sea,306,447.2,9.01
1981,Furniture,Bangalore,14.48,Sea,432,640.12,9.57
1982,Electronics,Pune,2.21,Air,491,452.81,3.24
1983,Clothing,Mumbai,28.75,Road,395,311.48,6.51
1984,Electronics,Hyderabad,28.31,Road,136,440.42,6.72
1985,Electronics,Mumbai,23.66,Road,139,1172.39,6.8
1986,Electronics,Hyderabad,29.74,Air,286,552.22,4.58
1987,Electronics,Delhi,16.56,Road,439,589.18,5.99
1988,Clothing,Bangalore,28.9,Sea,119,734.2,9.1
1989,Electronics,Delhi,2.73,Road,93,1181.67,5.08
1990,Clothing,Pune,11.29,Air,249,365.76,3.16
1991,Clothing,Mumbai,7.15,Road,201,849.41,5.99
1992,Furniture,Hyderabad,6.28,Road,135,887.58,5.36
1993,Clothing,Hyderabad,4.65,Sea,68,768.06,7.46
1994,Furniture,Mumbai,18.86,Road,150,197.44,6.32
1995,Clothing,Mumbai,23.55,Sea,451,844.56,10.08
1996,Clothing,Pune,17.56,Sea,144,170.5,7.63
1997,Clothing,Delhi,4.84,Air,303,755.76,3.38
1998,Furniture,Hyderabad,24.43,Sea,406,913.54,10.0
1999,Furniture,Pune,19.26,Sea,79,332.07,9.31
2000,Electronics,Delhi,11.95,Air,298,1025.78,3.67
2001,Furniture,Pune,20.39,Sea,475,133.39,9.59
2002,Furniture,Hyderabad,8.17,Air,82,1028.19,4.3
2003,Furniture,Mumbai,10.68,Road,278,606.36,5.38
2004,Furniture,Mumbai,27.57,Air,61,339.35,3.7
2005,Electronics,Delhi,9.07,Sea,167,247.16,7.52
2006,Furniture,Bangalore,14.36,Air,399,1148.64,4.56
2007,Clothing,Delhi,26.76,Sea,204,179.93,8.91
2008,Clothing,Bangalore,21.38,Road,472,319.0,6.66
2009,Furniture,Pune,2.33,Air,442,482.6,4.03
2010,Furniture,Pune,4.85,Road,295,782.26,5.24
2011,Clothing,Hyderabad,0.73,Sea,454,699.28,7.66
2012,Clothing,Bangalore,19.11,Sea,381,238.21,8.95
2013,Electronics,Hyderabad,13.71,Road,296,418.7,5.84
2014,Clothing,Mumbai,4.46,Air,78,362.63,2.87
2015,Clothing,Bangalore,28.76,Air,210,334.9,4.03
2016,Furniture,Delhi,16.12,Sea,284,552.26,8.99
2017,Clothing,Mumbai,7.64,Road,239,874.43,6.49
2018,Electronics,Mumbai,15.27,Road,166,339.2,5.63
2019,Clothing,Delhi,20.55,Air,320,503.35,3.98
2020,Furniture,Mumbai,2.75,Air,307,530.01,3.03
2021,Furniture,Bangalore,8.6,Air,229,1174.1,3.98
2022,Clothing,Hyderabad,24.31,Road,422,1150.13,8.03
2023,Furniture,Mumbai,14.06,Air,221,980.15,4.03
2024,Electronics,Bangalore,16.62,Air,487,365.82,4.16
2025,Electronics,Pune,13.27,Sea,323,174.84,8.24
2026,Clothing,Bangalore,1.8,Air,308,448.59,3.7
2027,Clothing,Hyderabad,5.39,Air,184,393.47,4.01
2028,Clothing,Bangalore,13.64,Road,220,656.52,6.0
2029,Furniture,Delhi,6.67,Road,259,955.5,5.85
2030,Electronics,Hyderabad,1.97,Sea,285,1044.16,8.73
2031,Electronics,Pune,25.39,Air,471,1029.35,4.05
2032,Furniture,Delhi,29.45,Sea,470,495.64,10.28
2033,Electronics,Bangalore,23.9,Road,235,855.96,6.59
2034,Clothing,Hyderabad,25.69,Sea,466,444.12,9.87
2035,Clothing,Pune,7.64,Road,413,167.0,5.02
2036,Clothing,Delhi,28.84,Sea,492,871.72,10.11
2037,Electronics,Pune,6.31,Sea,144,110.81,7.51
2038,Clothing,Bangalore,28.57,Air,427,550.1,5.34
2039,Furniture,Pune,29.85,Sea,60,462.32,8.89
2040,Furniture,Mumbai,21.5,Air,117,862.72,5.21
2041,Electronics,Delhi,29.44,Air,428,942.87,5.49
2042,Furniture,Pune,17.3,Air,259,434.5,3.18
2043,Furniture,Bangalore,8.16,Air,245,992.79,3.83
2044,Electronics,Bangalore,13.39,Sea,418,423.31,8.6
2045,Clothing,Pune,18.01,Road,147,590.96,4.69
2046,Clothing,Bangalore,2.66,Road,142,899.72,6.12
2047,Clothing,Hyderabad,18.86,Road,71,862.21,6.3
2048,Electronics,Hyderabad,29.44,Sea,499,1186.11,10.92
2049,Furniture,Hyderabad,6.11,Air,221,347.68,3.18
2050,Clothing,Mumbai,23.88,Road,432,828.55,6.2
2051,Clothing,Pune,27.28,Sea,183,770.65,9.26
2052,Electronics,Mumbai,28.34,Air,475,1106.61,5.89
2053,Clothing,Bangalore,28.82,Road,74,272.0,5.34
2054,Electronics,Mumbai,15.88,Air,234,926.98,2.92
2055,Furniture,Bangalore,29.33,Road,134,725.1,6.35
2056,Electronics,Bangalore,22.84,Road,104,402.13,5.68
2057,Electronics,Delhi,5.27,Road,300,621.88,5.55
2058,Electronics,Hyderabad,14.57,Air,193,467.15,3.95
2059,Electronics,Bangalore,21.69,Sea,400,737.24,9.94
2060,Furniture,Delhi,7.8,Air,447,1077.9,4.49
2061,Furniture,Hyderabad,19.4,Road,216,726.24,6.73
2062,Clothing,Bangalore,20.16,Air,461,794.89,3.97
2063,Furniture,Bangalore,5.3,Sea,273,670.62,8.73
2064,Furniture,Mumbai,17.17,Air,269,156.28,3.87
2065,Clothing,Mumbai,23.26,Sea,228,356.14,8.36
2066,Furniture,Hyderabad,15.22,Sea,168,641.2,7.99
2067,Electronics,Bangalore,0.86,Air,482,441.26,3.08
2068,Electronics,Pune,0.77,Road,314,299.94,4.64
2069,Clothing,Mumbai,11.03,Sea,491,654.55,9.56
2070,Clothing,Hyderabad,27.82,Air,478,455.09,4.49
2071,Clothing,Bangalore,7.25,Sea,199,383.92,7.72
2072,Electronics,Bangalore,19.21,Road,465,610.38,6.2
2073,Furniture,Pune,7.05,Air,264,246.61,3.69
2074,Electronics,Hyderabad,9.99,Air,246,1120.52,4.12
2075,Clothing,Bangalore,25.52,Air,91,1054.47,4.42
2076,Furniture,Mumbai,22.0,Road,102,878.38,6.13
2077,Furniture,Pune,3.31,Sea,492,216.84,9.01
2078,Electronics,Hyderabad,13.15,Air,379,953.46,3.99
2079,Clothing,Pune,1.36,Sea,300,988.75,9.31
2080,Electronics,Mumbai,14.69,Sea,344,944.54,9.47
2081,Furniture,Hyderabad,20.04,Road,427,225.36,6.0
2082,Electronics,Pune,4.0,Air,320,808.3,4.9
2083,Electronics,Delhi,9.02,Sea,462,1017.76,8.86
2084,Clothing,Mumbai,12.24,Air,172,735.09,3.51
2085,Clothing,Mumbai,27.63,Air,416,811.05,4.41
2086,Furniture,Mumbai,29.8,Road,436,604.2,7.44
2087,Electronics,Delhi,1.82,Air,388,681.58,4.39
2088,Electronics,Delhi,22.95,Air,315,137.81,4.75
2089,Electronics,Bangalore,11.47,Sea,397,802.86,9.78
2090,Furniture,Pune,12.08,Road,78,189.59,4.85
2091,Furniture,Bangalore,22.75,Air,84,578.52,3.7
2092,Clothing,Pune,27.59,Sea,55,421.92,8.08
2093,Clothing,Delhi,28.55,Road,445,699.97,8.04
2094,Clothing,Delhi,17.53,Road,160,246.76,5.68
2095,Electronics,Bangalore,11.04,Sea,343,860.81,8.85
2096,Electronics,Hyderabad,23.73,Sea,126,974.51,10.08
2097,Clothing,Bangalore,7.9,Sea,398,279.69,7.98
2098,Electronics,Pune,17.14,Sea,196,214.74,8.67
2099,Clothing,Bangalore,11.08,Sea,116,260.07,7.96
2100,Furniture,Mumbai,19.87,Air,441,1064.84,5.26
2101,Clothing,Pune,7.59,Air,57,681.01,3.14
2102,Furniture,Pune,6.15,Road,171,613.99,4.54
2103,Electronics,Hyderabad,27.59,Air,389,217.38,4.41
2104,Clothing,Delhi,3.5,Air,224,814.51,3.96
2105,Electronics,Pune,15.43,Air,437,1054.8,4.69
2106,Furniture,Delhi,7.02,Sea,228,1011.0,9.21
2107,Furniture,Bangalore,1.65,Road,134,788.66,4.62
2108,Furniture,Mumbai,1.56,Road,94,182.81,4.44
2109,Electronics,Hyderabad,5.67,Road,185,223.64,4.56
2110,Electronics,Delhi,26.07,Road,392,154.24,6.62
2111,Electronics,Pune,8.83,Air,65,383.23,2.97
2112,Electronics,Delhi,28.54,Air,382,249.23,4.79
2113,Furniture,Pune,17.66,Sea,244,386.05,9.3
2114,Furniture,Delhi,13.38,Road,58,523.56,5.65
2115,Clothing,Pune,17.61,Air,365,1137.28,4.88
2116,Clothing,Bangalore,15.74,Air,383,771.41,3.83
2117,Electronics,Pune,22.88,Sea,382,1018.47,9.93
2118,Furniture,Pune,8.83,Sea,376,881.39,8.81
2119,Furniture,Mumbai,10.91,Sea,64,223.75,7.73
2120,Furniture,Pune,26.88,Air,376,909.51,4.82
2121,Clothing,Mumbai,28.42,Air,151,402.61,3.64
2122,Clothing,Hyderabad,26.83,Sea,275,803.02,8.72
2123,Furniture,Mumbai,12.87,Road,474,475.06,5.73
2124,Furniture,Bangalore,23.52,Sea,327,1197.44,10.12
2125,Furniture,Mumbai,14.55,Sea,457,389.91,8.36
2126,Clothing,Hyderabad,15.18,Sea,162,407.04,8.5
2127,Furniture,Bangalore,6.54,Sea,477,1123.74,10.35
2128,Furniture,Delhi,17.94,Air,50,127.11,3.64
2129,Electronics,Delhi,5.99,Road,315,866.36,6.62
2130,Electronics,Mumbai,10.28,Sea,257,897.86,9.12
2131,Clothing,Mumbai,25.72,Road,159,1020.02,7.21
2132,Furniture,Hyderabad,6.61,Road,249,1171.88,5.64
2133,Furniture,Hyderabad,2.6,Road,489,1173.16,5.96
2134,Electronics,Pune,2.54,Sea,418,171.8,6.77
2135,Clothing,Hyderabad,28.25,Air,355,1004.02,5.72
2136,Electronics,Pune,15.45,Sea,61,810.94,9.48
2137,Electronics,Bangalore,12.58,Road,394,812.08,5.95
2138,Electronics,Mumbai,24.42,Road,237,241.18,5.81
2139,Electronics,Bangalore,25.16,Air,203,815.21,4.1
2140,Furniture,Hyderabad,10.3,Sea,417,1180.73,9.72
2141,Furniture,Bangalore,20.96,Road,383,1103.0,7.48
2142,Electronics,Bangalore,23.25,Air,474,583.04,3.82
2143,Clothing,Bangalore,19.81,Road,469,143.94,6.28
2144,Clothing,Hyderabad,4.97,Air,426,498.52,3.46
2145,Clothing,Bangalore,26.34,Air,328,1009.03,5.04
2146,Clothing,Pune,16.4,Sea,220,871.65,9.36
2147,Electronics,Hyderabad,8.83,Road,183,605.28,5.32
2148,Furniture,Bangalore,13.04,Sea,476,160.61,8.71
2149,Clothing,Hyderabad,1.61,Road,74,569.58,4.69
2150,Electronics,Delhi,4.27,Sea,67,615.93,8.45
2151,Clothing,Pune,23.08,Road,239,1121.41,6.96
2152,Clothing,Bangalore,0.5,Sea,190,805.19,8.32
2153,Electronics,Delhi,12.79,Air,92,442.82,2.63
2154,Furniture,Delhi,15.91,Road,383,677.85,6.05
2155,Furniture,Hyderabad,2.11,Road,333,172.66,5.39
2156,Electronics,Delhi,29.21,Air,195,1169.83,5.04
2157,Furniture,Pune,7.17,Sea,364,496.07,8.91
2158,Electronics,Pune,9.47,Road,493,625.65,6.97
2159,Electronics,Mumbai,9.47,Road,368,490.81,6.22
2160,Electronics,Pune,7.3,Sea,490,850.76,9.24
2161,Furniture,Delhi,0.54,Air,141,828.46,2.88
2162,Electronics,Pune,22.02,Sea,228,886.85,8.17
2163,Clothing,Hyderabad,29.02,Sea,105,394.96,8.97
2164,Furniture,Mumbai,7.12,Sea,204,447.24,8.05
2165,Furniture,Delhi,20.06,Road,209,237.78,5.85
2166,Furniture,Mumbai,22.39,Air,160,821.06,4.18
2167,Furniture,Delhi,25.53,Air,186,143.78,3.63
2168,Clothing,Hyderabad,12.97,Sea,281,757.45,8.08
2169,Furniture,Mumbai,9.44,Road,269,1056.67,5.6
2170,Furniture,Bangalore,10.1,Sea,117,1079.92,9.06
2171,Electronics,Delhi,21.52,Road,351,593.94,7.23
2172,Furniture,Bangalore,24.59,Road,298,605.23,6.38
2173,Clothing,Mumbai,5.86,Road,372,184.67,5.39
2174,Clothing,Bangalore,11.44,Road,459,837.84,6.8
2175,Clothing,Bangalore,27.11,Air,441,1003.39,4.84
2176,Clothing,Mumbai,24.3,Road,55,369.12,5.88
2177,Furniture,Hyderabad,29.55,Road,329,563.43,6.33
2178,Furniture,Bangalore,22.75,Sea,481,1022.72,10.55
2179,Clothing,Bangalore,12.1,Sea,143,1064.83,9.03
2180,Clothing,Hyderabad,17.92,Air,478,367.5,4.37
2181,Furniture,Bangalore,20.0,Sea,318,705.63,8.95
2182,Clothing,Bangalore,2.81,Road,246,311.74,5.3
2183,Electronics,Bangalore,16.56,Sea,74,212.07,9.23
2184,Clothing,Pune,21.42,Air,197,1102.23,4.06
2185,Clothing,Hyderabad,5.44,Sea,167,1002.56,8.44
2186,Electronics,Bangalore,23.53,Sea,387,936.04,10.0
2187,Electronics,Hyderabad,17.72,Air,416,153.64,4.26
2188,Furniture,Delhi,28.59,Air,387,1028.1,4.95
2189,Furniture,Delhi,1.75,Road,115,581.85,3.48
2190,Electronics,Bangalore,8.33,Sea,350,476.63,9.27
2191,Electronics,Hyderabad,18.25,Road,419,701.12,6.83
2192,Furniture,Hyderabad,9.25,Sea,224,200.49,7.24
2193,Clothing,Hyderabad,21.58,Sea,368,932.31,9.44
2194,Electronics,Pune,22.89,Road,125,740.68,6.92
2195,Furniture,Delhi,3.52,Sea,163,305.25,8.53
2196,Clothing,Hyderabad,15.66,Sea,160,307.06,8.88
2197,Electronics,Hyderabad,15.51,Sea,298,302.67,8.59
2198,Clothing,Pune,11.39,Air,488,162.7,3.75
2199,Furniture,Pune,28.02,Road,252,746.58,6.59
2200,Electronics,Hyderabad,24.91,Air,196,1024.38,5.23
